0,nospec_no_specifier_test,1577746780,1577746556
1,nospec_empty_string,1577746780,0
2,nospec_some_escaped_chars,1577746780,1577746556
3,nospec_successive_5_5,1577746780,1577746556
4,nospec_successive_2_9,1577746780,1577746556
5,nospec_successive_8_3,1577746780,1577746556
6,pct_basic,1577746780,1577746556
7,pct_5w,1577746780,1577746556
8,pct_5wlj,1577746780,1577746556
9,pct_5wzp,1577746780,1577746556
10,pct_5wljzp,1577746780,1577746556
11,nocrash_nullspec_basic,0,1577746780
12,nocrash_nullspec_5w,0,1577746780
13,nocrash_nullspec_5wzp,0,1577746780
14,nocrash_nullspec_5wzplj,0,1577746780
15,nocrash_nullspec_5wlj,0,1577746780
16,s_basic_string_expansion,1577746780,1577746556
17,s_only_string_expansion,1577746780,1577746556
18,s_two_string_expansions,1577746780,1577746556
19,s_two_string_expansions2,1577746780,1577746556
20,s_empty_string_expansion,1577746780,1577746556
21,s_full_then_empty_string,1577746780,1577746556
22,s_empty_then_full_string,1577746780,1577746556
23,s_three_strings,1577746780,1577746556
24,s_space_padded_field_width,1577746780,1577746556
25,s_space_padded_field_width2,1577746780,1577746556
26,s_space_padded_over_field_width,1577746780,1577746556
27,s_space_padded_field_width_lj,1577746780,1577746556
28,s_space_padded_field_width2_lj,1577746780,1577746556
29,s_space_padded_over_field_width_lj,1577746780,1577746556
30,s_string_prec_notrunc,1577746780,1577746556
31,s_string_prec_trunc,1577746780,1577746556
32,s_string_prec_default,1577746780,1577746556
33,s_string_prec_zero,1577746780,1577746556
34,s_two_strings_prec_2trunc,1577746780,1577746556
35,s_two_strings_prec_1trunc_a,1577746780,1577746556
36,s_two_strings_prec_1trunc_b,1577746780,1577746556
37,s_two_strings_prec_0trunc,1577746780,1577746556
38,s_string_prec_width_notrunc,1577746780,1577746556
39,s_string_prec_width_trunc,1577746780,1577746556
40,s_string_prec_width_notrunc_lj,1577746780,1577746556
41,s_string_prec_width_trunc_lj,1577746780,1577746556
42,s_two_s_prec_width_2fit_0trunc,1577746780,1577746556
43,s_two_s_prec_width_1fit_a_0trunc,1577746780,1577746556
44,s_two_s_prec_width_1fit_b_0trunc,1577746780,1577746556
45,s_two_s_prec_width_0fit_0trunc,1577746780,1577746556
46,s_two_s_prec_width_2fit_1trunc_a,1577746780,1577746556
47,s_two_s_prec_width_1fit_a_1trunc_a,1577746780,1577746556
48,s_two_s_prec_width_1fit_b_1trunc_a,1577746780,1577746556
49,s_two_s_prec_width_0fit_1trunc_a,1577746780,1577746556
50,s_two_s_prec_width_2fit_1trunc_b,1577746780,1577746556
51,s_two_s_prec_width_1fit_a_1trunc_b,1577746780,1577746556
52,s_two_s_prec_width_1fit_b_1trunc_b,1577746780,1577746556
53,s_two_s_prec_width_0fit_1trunc_b,1577746780,1577746556
54,s_two_s_prec_width_2fit_2trunc,1577746780,1577746556
55,s_two_s_prec_width_1fit_a_2trunc,1577746780,1577746556
56,s_two_s_prec_width_1fit_b_2trunc,1577746780,1577746556
57,s_two_s_prec_width_0fit_2trunc,1577746780,1577746556
58,s_two_s_prec_width_2trunc,1577746780,1577746556
59,s_two_strings_lj_and_rj,1577746780,1577746556
60,s_two_strings_rj_and_lj,1577746780,1577746556
61,s_null_basic_string_expansion,1577746780,1577746556
62,s_null_only_string_expansion,1577746780,1577746556
63,s_null_space_padded_field_width,1577746780,1577746556
64,s_null_space_padded_over_field_width,1577746780,1577746556
65,s_null_space_padded_field_width_lj,1577746780,1577746556
66,s_null_space_padded_field_width2_lj,1577746780,1577746556
67,s_null_space_padded_over_field_width_lj,1577746780,1577746556
68,s_null_string_prec_notrunc,1577746780,1577746556
69,s_null_string_prec_trunc,1577746780,1577746556
70,s_null_string_prec_default,1577746780,1577746556
71,s_null_string_prec_zero,1577746780,1577746556
72,s_basic_s_hidden,1577746780,1577746556
73,s_width_3_s_hidden,1577746780,1577746556
74,s_width_9_s_hidden,1577746780,1577746556
75,s_prec_no_width_s_hidden,1577746780,1577746556
76,s_prec_9_no_width_s_hidden,1577746780,1577746556
77,s_prec_03_no_width_s_hidden,1577746780,1577746556
78,s_prec_09_no_width_s_hidden,1577746780,1577746556
79,s_prec_03_no_width_s_null,1577746780,1577746556
80,s_prec_09_no_width_s_null,1577746780,1577746556
81,s_prec_00_no_width_s_nullchar,1577746780,1577746556
82,s_prec_01_no_width_s_nullchar,1577746780,1577746556
83,s_prec_03_no_width_s_nullchar,1577746780,1577746556
84,s_prec_09_no_width_s_nullchar,1577746780,1577746556
85,s_prec_0_width_3_s_hidden,1577746780,1577746556
86,s_prec_0_width_10_s_hidden,1577746780,1577746556
87,s_prec_0_width_3_s_null,1577746780,1577746556
88,s_prec_0_width_10_s_null,1577746780,1577746556
89,s_prec_0_width_1_s_nullchar,1577746780,1577746556
90,s_prec_0_width_2_s_nullchar,1577746780,1577746556
91,s_prec_0_width_9_s_nullchar,1577746780,1577746556
92,s_prec_0_lj_width_3_s_hidden,1577746780,1577746556
93,s_prec_0_lj_width_8_s_hidden,1577746780,1577746556
94,s_prec_0_lj_width_3_s_null,1577746780,1577746556
95,s_prec_0_lj_width_8_s_null,1577746780,1577746556
96,s_prec_0_lj_width_1_s_nullchar,1577746780,1577746556
97,s_prec_0_lj_width_2_s_nullchar,1577746780,1577746556
98,s_prec_0_lj_width_6_s_nullchar,1577746780,1577746556
99,s_prec_1_width_3_s_hidden,1577746780,1577746556
100,s_prec_1_width_10_s_hidden,1577746780,1577746556
101,s_prec_1_width_3_s_null,1577746780,1577746556
102,s_prec_1_width_9_s_null,1577746780,1577746556
103,s_prec_1_lj_width_3_s_hidden,1577746780,1577746556
104,s_prec_1_lj_width_10_s_hidden,1577746780,1577746556
105,s_prec_1_lj_width_3_s_null,1577746780,1577746556
106,s_prec_1_lj_width_9_s_null,1577746780,1577746556
107,s_prec_1_lj_width_3_s_nullchar,1577746780,1577746556
108,s_prec_1_lj_width_6_s_nullchar,1577746780,1577746556
109,s_prec_perfect_width_3_s_hidden,1577746780,1577746556
110,s_prec_perfect_width_20_s_hidden,1577746780,1577746556
111,s_prec_perfect_width_3_s_null,1577746780,1577746556
112,s_prec_perfect_width_20_s_null,1577746780,1577746556
113,s_prec_perfect_width_3_s_nullchar,1577746780,1577746556
114,s_prec_perfect_width_6_s_nullchar,1577746780,1577746556
115,s_prec_perfect_lj_width_3_s_hidden,1577746780,1577746556
116,s_prec_perfect_lj_width_20_s_hidden,1577746780,1577746556
117,s_prec_8_lj_width_3_s_hidden,1577746780,1577746556
118,s_prec_8_lj_width_10_s_hidden,1577746780,1577746556
119,s_prec_8_lj_width_3_s_null,1577746780,1577746556
120,s_prec_8_lj_width_10_s_null,1577746780,1577746556
121,s_prec_00_lj_s_hidden_trunc,1577746780,1577746556
122,s_prec_09_lj_s_hidden_notrunc,1577746780,1577746556
123,s_undefbehav_0_2zero,1577746780,1577746556
124,s_undefbehav_0_3zero,1577746780,1577746556
125,s_undefbehav_0_4zero,1577746780,1577746556
126,s_undefbehav_0_lj_2zero,1577746780,1577746556
127,s_undefbehav_0_zero_lj_zero,1577746780,1577746556
128,s_undefbehav_0_2zero_lj,1577746780,1577746556
129,s_undefbehav_0_width_3,1577746780,1577746556
130,s_undefbehav_0_width_9,0,1577746780
131,s_undefbehav_lj_0_width_3,1577746780,1577746556
132,s_undefbehav_lj_0_width_9,1577746780,1577746556
133,i_basic_i_pos,1577746780,1577746556
134,i_basic_i_neg,1577746780,1577746556
135,i_basic_i_zero,1577746780,1577746556
136,i_basic_i_onlypos,1577746780,1577746556
137,i_basic_i_onlyneg,1577746780,1577746556
138,i_basic_i_onlyzero,1577746780,1577746556
139,d_basic_pos,1577746780,1577746556
140,d_basic_neg,1577746780,1577746556
141,d_basic_zero,1577746780,1577746556
142,i_intmax,1577746780,1577746556
143,i_intmin,1577746780,1577746556
144,i_width_pos_fits,1577746780,1577746556
145,i_width_neg_fits,1577746780,1577746556
146,i_width_zero_fits,1577746780,1577746556
147,i_width_pos_exactfit,1577746780,1577746556
148,i_width_neg_exactfit,1577746780,1577746556
149,i_width_pos_nofit,1577746780,1577746556
150,i_width_neg_nofit,1577746780,1577746556
151,i_width_pos_fits_lj,1577746780,1577746556
152,i_width_neg_fits_lj,1577746780,1577746556
153,i_width_zero_fits_lj,1577746780,1577746556
154,i_width_pos_exactfit_lj,1577746780,1577746556
155,i_width_neg_exactfit_lj,1577746780,1577746556
156,i_width_pos_nofit_lj,1577746780,1577746556
157,i_width_neg_nofit_lj,1577746780,1577746556
158,i_prec_fits_pos,1577746780,1577746556
159,i_prec_fits_neg,1577746780,1577746556
160,i_prec_fits_zero,1577746780,1577746556
161,i_prec_exactfit_pos,1577746780,1577746556
162,i_prec_exactfit_neg,1577746780,1577746556
163,i_prec_nofit_pos,1577746780,1577746556
164,i_prec_nofit_neg,1577746780,1577746556
165,i_zp_pos_fits,1577746780,1577746556
166,i_zp_neg_fits,1577746780,1577746556
167,i_zp_zero_fits,1577746780,1577746556
168,i_zp_pos_exactfit,1577746780,1577746556
169,i_zp_neg_exactfit,1577746780,1577746556
170,i_zp_neg_minus1fit,1577746780,1577746556
171,i_prec_width_fit_fit_pos,1577746780,1577746556
172,i_prec_width_fit_fit_neg,1577746780,1577746556
173,i_prec_width_fit_fit_zero,1577746780,1577746556
174,i_prec_width_nofit_fit_pos,1577746780,1577746556
175,i_prec_width_nofit_fit_neg,1577746780,1577746556
176,i_prec_width_fit_nofit_pos,1577746780,1577746556
177,i_prec_width_fit_nofit_neg,1577746780,1577746556
178,i_prec_width_nofit_nofit_pos,1577746780,1577746556
179,i_prec_width_nofit_nofit_neg,1577746780,1577746556
180,i_prec_width_fit_fit_pos_lj,1577746780,1577746556
181,i_prec_width_fit_fit_neg_lj,1577746780,1577746556
182,i_prec_width_fit_fit_zero_lj,1577746780,1577746556
183,i_prec_width_nofit_fit_pos_lj,1577746780,1577746556
184,i_prec_width_nofit_fit_neg_lj,1577746780,1577746556
185,i_prec_width_fit_nofit_pos_lj,1577746780,1577746556
186,i_prec_width_fit_nofit_neg_lj,1577746780,1577746556
187,i_prec_width_nofit_nofit_pos_lj,1577746780,1577746556
188,i_prec_width_nofit_nofit_neg_lj,1577746780,1577746556
189,i_prec_width_ff_pos_zp,1577746780,1577746556
190,i_prec_width_ff_neg_zp,1577746780,1577746556
191,i_prec_width_ff_zero_zp,1577746780,1577746556
192,i_prec_width_nf_pos_zp,1577746780,1577746556
193,i_prec_width_nf_neg_zp,1577746780,1577746556
194,i_prec_width_fn_pos_zp,1577746780,1577746556
195,i_prec_width_fn_neg_zp,1577746780,1577746556
196,i_prec_width_nn_pos_zp,1577746780,1577746556
197,i_prec_width_nn_neg_zp,1577746780,1577746556
198,i_prec_width_ff_pos_lj_zp_ignoreflag,0,1577746780
199,i_prec_width_ff_neg_ljzp_ignoreflag,0,1577746780
200,i_prec_width_ff_zero_ljzp_ignoreflag,0,1577746780
201,i_prec_width_nf_pos_ljzp_ignoreflag,0,1577746780
202,i_prec_width_nf_neg_ljzp_ignoreflag,0,1577746780
203,i_prec_width_fn_pos_ljzp_ignoreflag,1577746780,1577746556
204,i_prec_width_fn_neg_ljzp_ignoreflag,1577746780,1577746556
205,i_prec_width_nn_pos_ljzp_ignoreflag,1577746780,1577746556
206,i_prec_width_nn_neg_ljzp_ignoreflag,1577746780,1577746556
207,i_size_follows_i_i,1577746780,1577746556
208,i_prec0val0_basic,1577746780,1577746556
209,i_prec0val0_implicit,1577746780,1577746556
210,i_prec0val0_w,1577746780,1577746556
211,i_prec0val0_w_impl,1577746780,1577746556
212,i_prec0val0_wlj,1577746780,1577746556
213,i_prec0val0_wlj_impl,1577746780,1577746556
214,d_basic_i_pos,1577746780,1577746556
215,d_basic_i_neg,1577746780,1577746556
216,d_basic_i_zero,1577746780,1577746556
217,d_basic_i_onlypos,1577746780,1577746556
218,d_basic_i_onlyneg,1577746780,1577746556
219,d_basic_i_onlyzero,1577746780,1577746556
220,d_intmax,1577746780,1577746556
221,d_intmin,1577746780,1577746556
222,d_width_pos_fits,1577746780,1577746556
223,d_width_neg_fits,1577746780,1577746556
224,d_width_zero_fits,1577746780,1577746556
225,d_width_pos_exactfit,1577746780,1577746556
226,d_width_neg_exactfit,1577746780,1577746556
227,d_width_pos_nofit,1577746780,1577746556
228,d_width_neg_nofit,1577746780,1577746556
229,d_width_pos_fits_lj,1577746780,1577746556
230,d_width_neg_fits_lj,1577746780,1577746556
231,d_width_zero_fits_lj,1577746780,1577746556
232,d_width_pos_exactfit_lj,1577746780,1577746556
233,d_width_neg_exactfit_lj,1577746780,1577746556
234,d_width_pos_nofit_lj,1577746780,1577746556
235,d_width_neg_nofit_lj,1577746780,1577746556
236,d_prec_fits_pos,1577746780,1577746556
237,d_prec_fits_neg,1577746780,1577746556
238,d_prec_fits_zero,1577746780,1577746556
239,d_prec_exactfit_pos,1577746780,1577746556
240,d_prec_exactfit_neg,1577746780,1577746556
241,d_prec_nofit_pos,1577746780,1577746556
242,d_prec_nofit_neg,1577746780,1577746556
243,d_zp_pos_fits,1577746780,1577746556
244,d_zp_neg_fits,1577746780,1577746556
245,d_zp_zero_fits,1577746780,1577746556
246,d_zp_pos_exactfit,1577746780,1577746556
247,d_zp_neg_exactfit,1577746780,1577746556
248,d_zp_neg_minus1fit,1577746780,1577746556
249,d_prec_width_fit_fit_pos,1577746780,1577746556
250,d_prec_width_fit_fit_neg,1577746780,1577746556
251,d_prec_width_fit_fit_zero,1577746780,1577746556
252,d_prec_width_nofit_fit_pos,1577746780,1577746556
253,d_prec_width_nofit_fit_neg,1577746780,1577746556
254,d_prec_width_fit_nofit_pos,1577746780,1577746556
255,d_prec_width_fit_nofit_neg,1577746780,1577746556
256,d_prec_width_nofit_nofit_pos,1577746780,1577746556
257,d_prec_width_nofit_nofit_neg,1577746780,1577746556
258,d_prec_width_fit_fit_pos_lj,1577746780,1577746556
259,d_prec_width_fit_fit_neg_lj,1577746780,1577746556
260,d_prec_width_fit_fit_zero_lj,1577746780,1577746556
261,d_prec_width_nofit_fit_pos_lj,1577746780,1577746556
262,d_prec_width_nofit_fit_neg_lj,1577746780,1577746556
263,d_prec_width_fit_nofit_pos_lj,1577746780,1577746556
264,d_prec_width_fit_nofit_neg_lj,1577746780,1577746556
265,d_prec_width_nofit_nofit_pos_lj,1577746780,1577746556
266,d_prec_width_nofit_nofit_neg_lj,1577746780,1577746556
267,d_prec_width_ff_pos_zp,1577746780,1577746556
268,d_prec_width_ff_neg_zp,1577746780,1577746556
269,d_prec_width_ff_zero_zp,1577746780,1577746556
270,d_prec_width_nf_pos_zp,1577746780,1577746556
271,d_prec_width_nf_neg_zp,1577746780,1577746556
272,d_prec_width_fn_pos_zp,1577746780,1577746556
273,d_prec_width_fn_neg_zp,1577746780,1577746556
274,d_prec_width_nn_pos_zp,1577746780,1577746556
275,d_prec_width_nn_neg_zp,1577746780,1577746556
276,d_prec_width_ff_pos_lj_zp_ignoreflag,0,1577746780
277,d_prec_width_ff_neg_ljzp_ignoreflag,0,1577746780
278,d_prec_width_ff_zero_ljzp_ignoreflag,0,1577746780
279,d_prec_width_nf_pos_ljzp_ignoreflag,0,1577746780
280,d_prec_width_nf_neg_ljzp_ignoreflag,0,1577746780
281,d_prec_width_fn_pos_ljzp_ignoreflag,1577746780,1577746556
282,d_prec_width_fn_neg_ljzp_ignoreflag,1577746780,1577746556
283,d_prec_width_nn_pos_ljzp_ignoreflag,1577746780,1577746556
284,d_prec_width_nn_neg_ljzp_ignoreflag,1577746780,1577746556
285,d_prec0val0_basic,1577746780,1577746556
286,d_prec0val0_implicit,1577746780,1577746556
287,d_prec0val0_w,1577746780,1577746556
288,d_prec0val0_w_impl,1577746780,1577746556
289,d_prec0val0_wlj,1577746780,1577746556
290,d_prec0val0_wlj_impl,1577746780,1577746556
291,u_basic_u_pos,1577746780,1577746556
292,u_basic_u_zero,1577746780,1577746556
293,u_basic_u_onlypos,1577746780,1577746556
294,u_uintmax,1577746780,1577746556
295,u_width_pos_fits,1577746780,1577746556
296,u_width_zero_fits,1577746780,1577746556
297,u_width_pos_exactfit,1577746780,1577746556
298,u_width_pos_nofit,1577746780,1577746556
299,u_width_pos_fits_lj,1577746780,1577746556
300,u_width_zero_fits_lj,1577746780,1577746556
301,u_width_pos_exactfit_lj,1577746780,1577746556
302,u_width_pos_nofit_lj,1577746780,1577746556
303,u_prec_fits_pos,1577746780,1577746556
304,u_prec_fits_zero,1577746780,1577746556
305,u_prec_exactfit_pos,1577746780,1577746556
306,u_prec_nofit_pos,1577746780,1577746556
307,u_zp_pos_fits,1577746780,1577746556
308,u_zp_zero_fits,1577746780,1577746556
309,u_zp_pos_exactfit,1577746780,1577746556
310,u_prec_width_fit_fit_pos,1577746780,1577746556
311,u_prec_width_fit_fit_zero,1577746780,1577746556
312,u_prec_width_nofit_fit_pos,1577746780,1577746556
313,u_prec_width_fit_nofit_pos,1577746780,1577746556
314,u_prec_width_nofit_nofit_pos,1577746780,1577746556
315,u_prec_width_fit_fit_pos_lj,1577746780,1577746556
316,u_prec_width_fit_fit_zero_lj,1577746780,1577746556
317,u_prec_width_nofit_fit_pos_lj,1577746780,1577746556
318,u_prec_width_fit_nofit_pos_lj,1577746780,1577746556
319,u_prec_width_nofit_nofit_pos_lj,1577746780,1577746556
320,u_prec_width_ff_pos_zp,1577746780,1577746556
321,u_prec_width_ff_zero_zp,1577746780,1577746556
322,u_prec_width_nf_pos_zp,1577746780,1577746556
323,u_prec_width_fn_pos_zp,1577746780,1577746556
324,u_prec_width_nn_pos_zp,1577746780,1577746556
325,u_prec_width_ff_pos_ljzp_ignoreflag,0,1577746780
326,u_prec_width_ff_zero_ljzp_ignoreflag,0,1577746780
327,u_prec_width_nf_pos_ljzp_ignoreflag,0,1577746780
328,u_prec_width_fn_pos_ljzp_ignoreflag,1577746780,1577746556
329,u_prec_width_nn_pos_ljzp_ignoreflag,1577746780,1577746556
330,u_prec0val0_basic,1577746780,1577746556
331,u_prec0val0_implicit,1577746780,1577746556
332,u_prec0val0_w,1577746780,1577746556
333,u_prec0val0_w_impl,1577746780,1577746556
334,u_prec0val0_wlj,1577746780,1577746556
335,u_prec0val0_wlj_impl,1577746780,1577746556
336,x_basic_pos,1577746780,1577746556
337,x_basic_zero,1577746780,1577746556
338,x_basic_onlypos,1577746780,1577746556
339,x_hexlmax,1577746780,1577746556
340,x_width_pos_fits,1577746780,1577746556
341,x_width_zero_fits,1577746780,1577746556
342,x_width_pos_exactfit,1577746780,1577746556
343,x_width_pos_nofit,1577746780,1577746556
344,x_width_pos_fits_lj,1577746780,1577746556
345,x_width_zero_fits_lj,1577746780,1577746556
346,x_width_pos_exactfit_lj,1577746780,1577746556
347,x_width_pos_nofit_lj,1577746780,1577746556
348,x_prec_fits_pos,1577746780,1577746556
349,x_prec_fits_zero,1577746780,1577746556
350,x_prec_exactfit_pos,1577746780,1577746556
351,x_prec_nofit_pos,1577746780,1577746556
352,x_zp_pos_fits,1577746780,1577746556
353,x_zp_zero_fits,1577746780,1577746556
354,x_zp_pos_exactfit,1577746780,1577746556
355,x_prec_width_fit_fit_pos,1577746780,1577746556
356,x_prec_width_fit_fit_zero,1577746780,1577746556
357,x_prec_width_nofit_fit_pos,1577746780,1577746556
358,x_prec_width_fit_nofit_pos,1577746780,1577746556
359,x_prec_width_nofit_nofit_pos,1577746780,1577746556
360,x_prec_width_fit_fit_pos_lj,1577746780,1577746556
361,x_prec_width_fit_fit_zero_lj,1577746780,1577746556
362,x_prec_width_nofit_fit_pos_lj,1577746780,1577746556
363,x_prec_width_fit_nofit_pos_lj,1577746780,1577746556
364,x_prec_width_nofit_nofit_pos_lj,1577746780,1577746556
365,x_prec_width_ff_pos_zp,1577746780,1577746556
366,x_prec_width_ff_zero_zp,1577746780,1577746556
367,x_prec_width_nf_pos_zp,1577746780,1577746556
368,x_prec_width_fn_pos_zp,1577746780,1577746556
369,x_prec_width_nn_pos_zp,1577746780,1577746556
370,x_prec_width_ff_pos_ljzp_ignoreflag,0,1577746780
371,x_prec_width_ff_zero_ljzp_ignoreflag,0,1577746780
372,x_prec_width_nf_pos_ljzp_ignoreflag,0,1577746780
373,x_prec_width_fn_pos_ljzp_ignoreflag,1577746780,1577746556
374,x_prec_width_nn_pos_ljzp_ignoreflag,1577746780,1577746556
375,x_prec0val0_basic,1577746780,1577746556
376,x_prec0val0_implicit,1577746780,1577746556
377,x_prec0val0_w,1577746780,1577746556
378,x_prec0val0_w_impl,1577746780,1577746556
379,x_prec0val0_wlj,1577746780,1577746556
380,x_prec0val0_wlj_impl,1577746780,1577746556
381,X_basic_hexu_pos,1577746780,1577746556
382,X_basic_hexu_zero,1577746780,1577746556
383,X_basic_hexu_onlypos,1577746780,1577746556
384,X_hexumax,1577746780,1577746556
385,X_width_pos_fits,1577746780,1577746556
386,X_width_zero_fits,1577746780,1577746556
387,X_width_pos_exactfit,1577746780,1577746556
388,X_width_pos_nofit,1577746780,1577746556
389,X_width_pos_fits_lj,1577746780,1577746556
390,X_width_zero_fits_lj,1577746780,1577746556
391,X_width_pos_exactfit_lj,1577746780,1577746556
392,X_width_pos_nofit_lj,1577746780,1577746556
393,X_prec_fits_pos,1577746780,1577746556
394,X_prec_fits_zero,1577746780,1577746556
395,X_prec_exactfit_pos,1577746780,1577746556
396,X_prec_nofit_pos,1577746780,1577746556
397,X_zp_pos_fits,1577746780,1577746556
398,X_zp_zero_fits,1577746780,1577746556
399,X_zp_pos_exactfit,1577746780,1577746556
400,X_prec_width_fit_fit_pos,1577746780,1577746556
401,X_prec_width_fit_fit_zero,1577746780,1577746556
402,X_prec_width_nofit_fit_pos,1577746780,1577746556
403,X_prec_width_fit_nofit_pos,1577746780,1577746556
404,X_prec_width_nofit_nofit_pos,1577746780,1577746556
405,X_prec_width_fit_fit_pos_lj,1577746780,1577746556
406,X_prec_width_fit_fit_zero_lj,1577746780,1577746556
407,X_prec_width_nofit_fit_pos_lj,1577746780,1577746556
408,X_prec_width_fit_nofit_pos_lj,1577746780,1577746556
409,X_prec_width_nofit_nofit_pos_lj,1577746780,1577746556
410,X_prec_width_ff_pos_zp,1577746780,1577746556
411,X_prec_width_ff_zero_zp,1577746780,1577746556
412,X_prec_width_nf_pos_zp,1577746780,1577746556
413,X_prec_width_fn_pos_zp,1577746780,1577746556
414,X_prec_width_nn_pos_zp,1577746780,1577746556
415,X_prec_width_ff_pos_ljzp_ignoreflag,0,1577746780
416,X_prec_width_ff_zero_ljzp_ignoreflag,0,1577746780
417,X_prec_width_nf_pos_ljzp_ignoreflag,0,1577746780
418,X_prec_width_fn_pos_ljzp_ignoreflag,1577746780,1577746556
419,X_prec_width_nn_pos_ljzp_ignoreflag,1577746780,1577746556
420,X_prec0val0_basic,1577746780,1577746556
421,X_prec0val0_implicit,1577746780,1577746556
422,X_prec0val0_w,1577746780,1577746556
423,X_prec0val0_w_impl,1577746780,1577746556
424,X_prec0val0_wlj,1577746780,1577746556
425,X_prec0val0_wlj_impl,1577746780,1577746556
426,p_null,1577746780,1577746556
427,p_null_width_fit,1577746780,1577746556
428,p_null_width_nofit,1577746780,1577746556
429,p_void,0,1577746780
430,p_void_width_fit,0,1577746780
431,p_void_width_nofit,0,1577746780
432,p_ftfc_literal_9w_prec2_undefbehav,1577746780,1577746556
433,p_ftfc_literal_2w_prec9_undefbehav,0,1577746780
434,p_ftfc_zero_prec5_undefbehav,0,1577746780
435,p_ftfc_zero_prec0_undefbehav,0,1577746780
436,p_ftfc_5w_throwswarning,1577746780,1577746556
437,p_basic,1577746780,1577746556
438,p_width_fit,1577746780,1577746556
439,p_width_nofit,1577746780,1577746556
440,p_width_16,1577746780,1577746556
441,p_width_8,1577746780,1577746556
442,p_width_32,1577746780,1577746556
443,p_width_fit_lj,1577746780,1577746556
444,p_width_nofit_lj,1577746780,1577746556
445,p_width_16_lj,1577746780,1577746556
446,p_width_8_lj,1577746780,1577746556
447,p_width_32_lj,1577746780,1577746556
448,c_allprintable_combined,1577746780,1577746556
449,c_1_31_combined,1577746780,1577746556
450,c_128_255_combined,1577746780,1577746556
451,c_allprintable_width,1577746780,1577746556
452,c_1_31_width,1577746780,1577746556
453,c_128_255_width,1577746780,1577746556
454,c_allprintable_width_lj,1577746780,1577746556
455,c_1_31_width_lj,1577746780,1577746556
456,c_128_255_width_lj,1577746780,1577746556
457,c_nullterm_basic,0,1577746780
458,c_nullterm_5w,0,1577746780
459,c_nullterm_5wlj,0,1577746780
460,mix_successive_0,1577746780,1577746556
461,mix_successive_4,1577746780,1577746556
462,mix_successive_6,1577746780,1577746556
463,mix_successive_10,1577746780,1577746556
464,mix_successive_16,1577746780,1577746556
465,mix_successive_20,1577746780,1577746556
466,mix_successive_21,1577746780,1577746556
467,mix_successive_28,1577746780,1577746556
468,mix_successive_30,1577746780,1577746556
469,mix_successive_31,1577746780,1577746556
470,mix_successive_32,1577746780,1577746556
471,mix_successive_39,1577746780,1577746556
472,mix_successive_40,1577746780,1577746556
473,mix_successive_42,1577746780,1577746556
474,mix_successive_43,1577746780,1577746556
475,mix_successive_45,1577746780,1577746556
476,mix_successive_46,1577746780,1577746556
477,mix_successive_61,1577746780,1577746556
478,mix_successive_64,1577746780,1577746556
479,nocrash_noarg_1_notmandatory,0,1577746780
480,nocrash_noarg_2_notmandatory,0,1577746780
481,nocrash_noarg_3_notmandatory,0,1577746780
482,nocrash_noarg_4_notmandatory,0,1577746780
483,nocrash_noarg_5_notmandatory,0,1577746780
484,nocrash_noarg_6_notmandatory,0,1577746780
485,nocrash_noarg_9_notmandatory,0,1577746780
486,nocrash_noarg_10_notmandatory,0,1577746780
487,nocrash_noarg_11_notmandatory,0,1577746780
488,nocrash_noarg_12_notmandatory,0,1577746780
489,nocrash_noarg_13_notmandatory,0,1577746780
490,nocrash_noarg_14_notmandatory,0,1577746780
491,nocrash_noarg_15_notmandatory,0,1577746780
492,nocrash_noarg_16_notmandatory,1577746780,0
493,nocrash_noarg_17_notmandatory,1577746780,0
494,nocrash_noarg_19_notmandatory,1577746780,0
495,nocrash_noarg_20_notmandatory,1577746780,0
496,nocrash_noarg_21_notmandatory,1577746780,0
497,nocrash_noarg_22_notmandatory,0,1577746780
498,nocrash_noarg_24_notmandatory,1577746780,0
499,nocrash_noarg_25_notmandatory,0,1577746780
500,nocrash_nullarg_1,1577746780,0
501,nocrash_nullarg_2,1577746780,0
502,nocrash_nullarg_3,1577746780,0
503,nocrash_nullarg_4,1577746780,0
504,nocrash_nullarg_5,1577746780,0
505,nocrash_nullarg_6,1577746780,0
506,nocrash_nullarg_9,1577746780,0
507,nocrash_nullarg_10,1577746780,0
508,nocrash_nullarg_11,1577746780,0
509,nocrash_nullarg_12,1577746780,0
510,nocrash_nullarg_13,1577746780,0
511,nocrash_nullarg_14,1577746780,0
512,nocrash_nullarg_15,1577746780,0
513,nocrash_nullarg_16,1577746780,0
514,nocrash_nullarg_17,1577746780,0
515,nocrash_nullarg_18,1577746780,0
516,nocrash_nullarg_19,1577746780,0
517,nocrash_nullarg_20,1577746780,0
518,nocrash_nullarg_21,1577746780,0
519,nocrash_nullarg_22,1577746780,0
520,nocrash_nullarg_23,1577746780,0
521,nocrash_nullarg_24,1577746780,0
522,nocrash_nullarg_25,1577746780,0
523,nocrash_mandatory_wformat_undefbehav_01,1577746780,0
524,nocrash_mandatory_wformat_undefbehav_02,1577746780,0
525,nocrash_mandatory_wformat_undefbehav_03,1577746780,0
526,nocrash_mandatory_wformat_undefbehav_04,1577746780,0
527,nocrash_mandatory_wformat_undefbehav_05,1577746780,0
528,nocrash_mandatory_wformat_undefbehav_06,1577746780,0
529,nocrash_mandatory_wformat_undefbehav_07,1577746780,0
530,nocrash_mandatory_wformat_undefbehav_38,1577746780,0
531,nocrash_mandatory_wformat_undefbehav_39,1577746780,0
532,nocrash_mandatory_dupflag_d_spsp,1577746780,0
533,nocrash_mandatory_dupflag_d_ljljw,1577746780,0
534,nocrash_mandatory_dupflag_x_afaf,1577746780,0
535,nocrash_mandatory_c_prec_1,1577746780,0
536,nocrash_mandatory_c_prec_2,1577746780,0
537,nocrash_mandatory_c_af,1577746780,0
538,nocrash_mandatory_c_zp_1,1577746780,0
539,nocrash_mandatory_c_zp_2,1577746780,0
540,nocrash_mandatory_c_sp_1,1577746780,0
541,nocrash_mandatory_c_sp_2,1577746780,0
542,nocrash_mandatory_c_size_hh,1577746780,0
543,nocrash_mandatory_c_size_h,1577746780,0
544,nocrash_mandatory_c_size_l,1577746780,0
545,nocrash_mandatory_c_size_ll,1577746780,0
546,nocrash_mandatory_c_size_L,1577746780,0
547,nocrash_mandatory_c_lj_nowidth,1577746780,0
548,nocrash_mandatory_s_af,1577746780,0
549,nocrash_mandatory_s_zp_1,1577746780,0
550,nocrash_mandatory_s_zp_2,1577746780,0
551,nocrash_mandatory_s_sp_1,1577746780,0
552,nocrash_mandatory_s_size_hh,1577746780,0
553,nocrash_mandatory_s_size_h,1577746780,0
554,nocrash_mandatory_s_size_l,1577746780,0
555,nocrash_mandatory_s_size_ll,1577746780,0
556,nocrash_mandatory_s_size_L,1577746780,0
557,nocrash_mandatory_s_lj_nowidth,1577746780,0
558,nocrash_mandatory_p_prec_1,1577746780,0
559,nocrash_mandatory_p_prec_2,1577746780,0
560,nocrash_mandatory_p_af,1577746780,0
561,nocrash_mandatory_p_zp_1,1577746780,0
562,nocrash_mandatory_p_zp_2,1577746780,0
563,nocrash_mandatory_p_sp_1,1577746780,0
564,nocrash_mandatory_p_sp_2,1577746780,0
565,nocrash_mandatory_p_size_hh,1577746780,0
566,nocrash_mandatory_p_size_h,1577746780,0
567,nocrash_mandatory_p_size_l,1577746780,0
568,nocrash_mandatory_p_size_ll,1577746780,0
569,nocrash_mandatory_p_size_L,1577746780,0
570,nocrash_mandatory_p_lj_nowidth,1577746780,0
571,nocrash_mandatory_d_size_L,1577746780,0
572,nocrash_mandatory_d_af,1577746780,0
573,nocrash_mandatory_d_size_hhh,1577746780,0
574,nocrash_mandatory_d_size_hhhh,1577746780,0
575,nocrash_mandatory_d_size_hhl,1577746780,0
576,nocrash_mandatory_d_size_hhll,1577746780,0
577,nocrash_mandatory_d_size_llh,1577746780,0
578,nocrash_mandatory_d_size_lll,1577746780,0
579,nocrash_mandatory_i_size_L,1577746780,0
580,nocrash_mandatory_i_af,1577746780,0
581,nocrash_mandatory_i_size_hhh,1577746780,0
582,nocrash_mandatory_i_lj_nowidth,1577746780,0
583,nocrash_mandatory_o_sp,1577746780,0
584,nocrash_mandatory_o_size_L,1577746780,0
585,nocrash_mandatory_o_size_hhh,1577746780,0
586,nocrash_mandatory_o_size_hhhh,1577746780,0
587,nocrash_mandatory_o_size_hhl,1577746780,0
588,nocrash_mandatory_o_size_hhll,1577746780,0
589,nocrash_mandatory_o_size_llh,1577746780,0
590,nocrash_mandatory_o_size_lll,1577746780,0
591,nocrash_mandatory_o_lj_nowidth,1577746780,0
592,nocrash_mandatory_u_size_L,1577746780,0
593,nocrash_mandatory_u_af,1577746780,0
594,nocrash_mandatory_u_sp,1577746780,0
595,nocrash_mandatory_u_size_hhh,1577746780,0
596,nocrash_mandatory_u_size_hhhh,1577746780,0
597,nocrash_mandatory_u_size_hhl,1577746780,0
598,nocrash_mandatory_u_size_hhll,1577746780,0
599,nocrash_mandatory_u_size_llh,1577746780,0
600,nocrash_mandatory_u_size_lll,1577746780,0
601,nocrash_mandatory_u_lj_nowidth,1577746780,0
602,nocrash_mandatory_x_size_L,1577746780,0
603,nocrash_mandatory_x_sp,1577746780,0
604,nocrash_mandatory_x_size_hhh,1577746780,0
605,nocrash_mandatory_x_size_hhhh,1577746780,0
606,nocrash_mandatory_x_size_hhl,1577746780,0
607,nocrash_mandatory_x_size_hhll,1577746780,0
608,nocrash_mandatory_x_size_llh,1577746780,0
609,nocrash_mandatory_x_size_lll,1577746780,0
610,nocrash_mandatory_X_size_L,1577746780,0
611,nocrash_mandatory_X_sp,1577746780,0
612,nocrash_mandatory_X_size_hhh,1577746780,0
613,nocrash_mandatory_X_size_llh,1577746780,0
614,nocrash_mandatory_x_lj_nowidth,1577746780,0
615,nocrash_mandatory_f_size_hh,0,1577746780
616,nocrash_mandatory_f_size_h,0,1577746780
617,nocrash_mandatory_f_size_ll,0,1577746780
618,nocrash_mandatory_f_size_lll,0,1577746780
619,nocrash_mandatory_f_size_llll,0,1577746780
620,nocrash_mandatory_f_size_LL,0,1577746780
621,nocrash_mandatory_f_size_Ll,0,1577746780
622,nocrash_mandatory_f_size_lL,0,1577746780
623,nocrash_mandatory_f_lj_nowidth,0,1577746780
624,moul_s_1,1577746780,1577746556
625,moul_s_2,1577746780,1577746556
626,moul_s_3,1577746780,1577746556
627,moul_s_4,1577746780,1577746556
628,moul_s_5_this_ones_a_doozy,1577746780,1577746556
629,moul_d_1,1577746780,1577746556
630,moul_d_2,1577746780,1577746556
631,moul_d_3,1577746780,1577746556
632,moul_d_4,1577746780,1577746556
633,moul_d_5,1577746780,1577746556
634,moul_d_6,1577746780,1577746556
635,moul_d_7,1577746780,1577746556
636,moul_d_8,1577746780,1577746556
637,moul_d_9,1577746780,1577746556
638,moul_d_10,1577746780,1577746556
639,moul_d_11,1577746780,1577746556
640,moul_d_12,1577746780,1577746556
641,moul_mix_1,1577746780,1577746556
642,moul_c_1,1577746780,1577746556
643,moul_c_2,1577746780,1577746556
644,moul_c_3,1577746780,1577746556
645,moul_c_4,0,1577746780
646,moul_c_5,0,1577746780
647,moul_c_5b,1577746780,1577746556
648,moul_c_6,1577746780,1577746556
649,moul_c_7,1577746780,1577746556
650,moul_c_8,1577746780,1577746556
651,moul_c_9,1577746780,1577746556
652,moul_c_10,1577746780,1577746556
653,moul_c_11,1577746780,1577746556
654,moul_c_12,1577746780,1577746556
655,moul_c_13,1577746780,1577746556
656,moul_c_14,1577746780,1577746556
657,moul_c_15,1577746780,1577746556
658,moul_c_16,1577746780,1577746556
659,moul_c_17,1577746780,1577746556
660,moul_c_18,1577746780,1577746556
661,moul_c_19,1577746780,1577746556
662,moul_c_20,1577746780,1577746556
663,moul_c_21,1577746780,1577746556
664,moul_c_22,1577746780,1577746556
665,moul_c_23,1577746780,1577746556
666,moul_c_24,1577746780,1577746556
667,moul_c_25,1577746780,1577746556
668,moul_c_26,1577746780,1577746556
669,moul_c_27,1577746780,1577746556
670,moul_c_28,1577746780,1577746556
671,moul_i_1,1577746780,1577746556
672,moul_i_2,1577746780,1577746556
673,moul_i_3,1577746780,1577746556
674,moul_i_4,1577746780,1577746556
675,moul_i_5,1577746780,1577746556
676,moul_i_6,1577746780,1577746556
677,moul_i_7,1577746780,1577746556
678,moul_i_8,1577746780,1577746556
679,moul_i_9,1577746780,1577746556
680,moul_i_10,1577746780,1577746556
681,moul_i_11,1577746780,1577746556
682,moul_i_12,1577746780,1577746556
683,moul_u_1,1577746780,1577746556
684,moul_u_2,1577746780,1577746556
685,moul_u_3,1577746780,1577746556
686,moul_u_4,1577746780,1577746556
687,moul_u_5,1577746780,1577746556
688,moul_u_6,1577746780,1577746556
689,moul_u_7,1577746780,1577746556
690,moul_u_8,1577746780,1577746556
691,moul_u_9,1577746780,1577746556
692,moul_u_10,1577746780,1577746556
693,moul_u_11,1577746780,1577746556
694,moul_u_12,1577746780,1577746556
695,moul_x_1,1577746780,1577746556
696,moul_x_2,1577746780,1577746556
697,moul_x_3,1577746780,1577746556
698,moul_x_4,1577746780,1577746556
699,moul_x_5,1577746780,1577746556
700,moul_x_6,1577746780,1577746556
701,moul_x_7,1577746780,1577746556
702,moul_x_8,1577746780,1577746556
703,moul_x_9,1577746780,1577746556
704,moul_x_10,1577746780,1577746556
705,moul_x_11,1577746780,1577746556
706,moul_x_12,1577746780,1577746556
707,moul_prec_1,1577746780,1577746556
708,moul_prec_3,1577746780,1577746556
709,moul_prec_4,1577746780,1577746556
710,moul_prec_5,1577746780,1577746556
711,moul_zeropad_1,1577746780,1577746556
712,moul_zeropad_2,1577746780,1577746556
713,moul_zeropad_3,1577746780,1577746556
714,moul_zeropad_4,1577746780,1577746556
715,moul_leftjusty_1,1577746780,1577746556
716,moul_leftjusty_2,1577746780,1577746556
717,moul_leftjusty_3,1577746780,1577746556
718,moul_leftjusty_4,1577746780,1577746556
719,moul_leftjusty_5,1577746780,1577746556
720,moul_leftjusty_6,1577746780,1577746556
721,moul_leftjusty_7,1577746780,1577746556
722,moul_notmandatory_star_1,1577746780,1577746556
723,moul_notmandatory_star_3,1577746780,1577746556
724,moul_notmandatory_star_4,1577746780,1577746556
725,moul_notmandatory_star_5,1577746780,1577746556
726,new2019_star_1,1577746780,1577746556
727,new2019_star_2,1577746780,1577746556
728,new2019_star_3,1577746780,1577746556
729,new2019_star_4,1577746780,1577746556
730,new2019_star_5,1577746780,1577746556
731,new2019_star_6,1577746780,1577746556
732,new2019_star_7,1577746780,1577746556
733,new2019_star_8,1577746780,1577746556
734,new2019_star_9,1577746780,1577746556
735,new2019_star_10,1577746780,1577746556
736,new2019_negstar_1,1577746780,1577746556
737,new2019_negstar_2,1577746780,1577746556
738,new2019_negstar_3,1577746780,1577746556
739,new2019_negstar_4,1577746780,1577746556
740,new2019_negstar_5,1577746780,1577746556
741,new2019_negstar_6,1577746780,1577746556
742,new2019_negstar_7,1577746780,1577746556
743,new2019_negstar_8,1577746780,1577746556
744,new2019_negstar_9,1577746780,1577746556
